Name,Pos
Brook Lopez,C
Wesley Matthews,SG
Pat Connaughton,SG
Donte DiVincenzo,SG
Robin Lopez,C
Giannis Antetokounmpo,PF
Eric Bledsoe,PG
Khris Middleton,SF
Ersan İlyasova,PF
George Hill,PG
Kyle Korver,SF
Sterling Brown,SF
D.J. Wilson,PF
Thanasis Antetokounmpo,SF
Marvin Williams,PF
Frank Mason III,PG
Cameron Reynolds,G
Terence Davis,SG
OG Anunoby,SF
Chris Boucher,PF
Pascal Siakam,PF
Kyle Lowry,PG
Rondae Hollis-Jefferson,SF
Fred VanVleet,PG
Serge Ibaka,C
Norman Powell,SG
Marc Gasol,C
Patrick McCaw,SF
Matt Thomas,SG
Malcolm Miller,SF
Stanley Johnson,PF
Oshae Brissett,SF
Dewan Hernandez,C
Paul Watson,SF
Brad Wanamaker,PG
Grant Williams,PF
Semi Ojeleye,PF
Jayson Tatum,PF
Daniel Theis,C
Marcus Smart,SG
Jaylen Brown,SF
Enes Kanter,C
Kemba Walker,PG
Javonte Green,SF
Gordon Hayward,SF
Carsen Edwards,SG
Romeo Langford,SG
Robert Williams,C
Vincent Poirier,C
Tremont Waters,PG
Tacko Fall,C
Bam Adebayo,PF
Duncan Robinson,SF
Kendrick Nunn,SG
Kelly Olynyk,C
Jimmy Butler,SF
Goran Dragić,PG
Derrick Jones Jr.,SF
Meyers Leonard,C
Tyler Herro,SG
Chris Silva,PF
Jae Crowder,SF
Andre Iguodala,SG
Gabe Vincent,PG
KZ Okpala,SF
Solomon Hill,SF
Udonis Haslem,PF
Kyle Alexander,F
Justin Holiday,SG
Doug McDermott,PF
T.J. McConnell,PG
Domantas Sabonis,C
T.J. Warren,SF
Aaron Holiday,PG
Myles Turner,C
Malcolm Brogdon,PG
Goga Bitadze,C
Jeremy Lamb,SG
T.J. Leaf,PF
JaKarr Sampson,SF
Edmond Sumner,PG
Alize Johnson,SF
Victor Oladipo,SG
Brian Bowen,SG
Naz Mitrou-Long,SG
Tobias Harris,PF
Furkan Korkmaz,SG
Mike Scott,PF
Al Horford,C
Matisse Thybulle,SG
Ben Simmons,PG
Raul Neto,PG
Josh Richardson,SG
Joel Embiid,C
Shake Milton,SG
Kyle O'Quinn,C
Norvel Pelle,C
Glenn Robinson III,SF
Alec Burks,SG
Zhaire Smith,SG
Marial Shayok,SG
Spencer Dinwiddie,SG
Taurean Prince,SF
Jarrett Allen,C
Joe Harris,SF
Garrett Temple,SG
DeAndre Jordan,C
Rodions Kurucs,PF
Caris LeVert,SG
Timothé Luwawu-Cabarrot,SG
Džanan Musa,SF
Wilson Chandler,SF
Theo Pinson,SG
Kyrie Irving,PG
Nicolas Claxton,PF
Chris Chiozza,PG
Jeremiah Martin,PG
Kevin Durant,F-G
Markelle Fultz,PG
Evan Fournier,SG
Terrence Ross,SG
Mohamed Bamba,C
Aaron Gordon,PF
Nikola Vučević,C
D.J. Augustin,PG
Wesley Iwundu,SF
Michael Carter-Williams,SG
Khem Birch,C
Jonathan Isaac,SF
Al-Farouq Aminu,PF
Gary Clark,PF
Melvin Frazier,SG
James Ennis,SF
B.J. Johnson,SF
Vic Law,SF
Ish Smith,PG
Troy Brown Jr.,SG
Isaac Bonga,SF
Bradley Beal,SG
Dāvis Bertāns,PF
Rui Hachimura,PF
Ian Mahinmi,C
Thomas Bryant,C
Moritz Wagner,C
Gary Payton II,PG
Admiral Schofield,SF
Anžejs Pasečņiks,C
Garrison Mathews,SG
Shabazz Napier,PG
Jerome Robinson,SG
Johnathan Williams,C
John Wall,G
Miles Bridges,SF
Terry Rozier,PG
Devonte' Graham,PG
P.J. Washington,PF
Cody Zeller,C
Malik Monk,SG
Bismack Biyombo,C
Cody Martin,SF
Dwayne Bacon,SG
Willy Hernangómez,C
Nicolas Batum,SF
Caleb Martin,SF
Jalen McDaniels,PF
Joe Chealey,PG
Kobi Simmons,G
Ray Spalding,F
Coby White,SG
Tomáš Satoranský,PG
Thaddeus Young,PF
Zach LaVine,SG
Ryan Arcidiacono,PG
Kris Dunn,PG
Lauri Markkanen,PF
Wendell Carter Jr.,C
Daniel Gafford,C
Shaquille Harrison,SF
Luke Kornet,C
Denzel Valentine,SF
Chandler Hutchison,SF
Cristiano Felício,PF
Otto Porter,SF
Adam Mokoka,SG
Max Strus,SG
Langston Galloway,SG
Christian Wood,PF
Thon Maker,C
Bruce Brown,SG
Tony Snell,SF
Sviatoslav Mykhailiuk,SF
Derrick Rose,PG
Sekou Doumbouya,SF
Luke Kennard,SG
Blake Griffin,PF
John Henson,PF
Louis King,SF
Jordan Bone,PG
Brandon Knight,PG
Khyri Thomas,SG
Jordan McRae,SG
Bobby Portis,C
Kevin Knox,SF
Julius Randle,PF
Taj Gibson,C
Mitchell Robinson,C
Frank Ntilikina,PG
RJ Barrett,SG
Damyean Dotson,SG
Elfrid Payton,PG
Dennis Smith Jr.,PG
Wayne Ellington,SG
Reggie Bullock,SG
Allonzo Trier,PG
Kadeem Allen,SG
Maurice Harkless,SF
Ignas Brazdeikis,SF
Kenny Wooten,F
De'Andre Hunter,SF
Trae Young,PG
Vince Carter,SF
Cam Reddish,SF
Damian Jones,C
Kevin Huerter,SG
Bruno Fernando,C
DeAndre' Bembry,SG
John Collins,PF
Brandon Goodwin,PG
Jeff Teague,PG
Treveon Graham,SG
Charlie Brown,SG
Dewayne Dedmon,C
Clint Capela,C
Skal Labissière,F
Collin Sexton,SG
Cedi Osman,SF
Darius Garland,PG
Tristan Thompson,C
Matthew Dellavedova,PG
Kevin Love,PF
Larry Nance Jr.,C
Kevin Porter Jr.,SF
Alfonzo McKinnie,SF
Dante Exum,SG
Ante Žižić,C
Dean Wade,PF
Andre Drummond,C
Matt Mooney,SG
Sir'Dominic Pointer,G-F
Dylan Windler,G-F
Kentavious Caldwell-Pope,SG
Dwight Howard,C
Danny Green,SG
JaVale McGee,C
LeBron James,PG
Alex Caruso,PG
Anthony Davis,PF
Kyle Kuzma,PF
Avery Bradley,SG
Rajon Rondo,PG
Jared Dudley,SF
Quinn Cook,PG
Markieff Morris,PF
Kostas Antetokounmpo,PF
Talen Horton-Tucker,SG
Devontae Cacok,F
Dion Waiters,G
Ivica Zubac,C
Montrezl Harrell,C
Lou Williams,SG
JaMychal Green,PF
Patrick Patterson,PF
Kawhi Leonard,SF
Rodney McGruder,SG
Patrick Beverley,PG
Landry Shamet,SG
Paul George,SF
Terance Mann,SG
Johnathan Motley,PF
Mfiondu Kabengele,C
Amir Coffey,SG
Marcus Morris,PF
Reggie Jackson,PG
Nikola Jokić,C
Monte Morris,PG
Jerami Grant,PF
Will Barton,SF
Gary Harris,SG
Jamal Murray,PG
Mason Plumlee,C
Torrey Craig,SF
Michael Porter Jr.,PF
Paul Millsap,PF
PJ Dozier,PG
Vlatko Čančar,SF
Noah Vonleh,PF
Keita Bates-Diop,SF
Bol Bol,C
Troy Daniels,G
Joe Ingles,SF
Royce O'Neale,PF
Donovan Mitchell,SG
Bojan Bogdanović,SF
Rudy Gobert,C
Georges Niang,PF
Tony Bradley,C
Emmanuel Mudiay,PG
Mike Conley,PG
Jordan Clarkson,SG
Ed Davis,C
Juwan Morgan,PF
Rayjon Tucker,SG
Nigel Williams-Goss,PG
Miye Oni,SG
Jarrell Brantley,PF
Justin Wright-Foreman,PG
Ben McLemore,SG
P.J. Tucker,PF
James Harden,SG
Austin Rivers,SG
Danuel House,SF
Russell Westbrook,PG
Thabo Sefolosha,PF
Eric Gordon,SG
Chris Clemons,SG
Tyson Chandler,C
Isaiah Hartenstein,C
Robert Covington,PF
Jeff Green,PF
Michael Frazier,SG
DeMarre Carroll,SF
Bruno Caboclo,SF
William Howard,SG
Shai Gilgeous-Alexander,SG
Dennis Schröder,PG
Chris Paul,PG
Steven Adams,C
Danilo Gallinari,PF
Nerlens Noel,C
Darius Bazley,PF
Terrance Ferguson,SF
Abdel Nader,SF
Mike Muscala,C
Hamidou Diallo,SF
Deonte Burton,SG
Luguentz Dort,SG
Kevin Hervey,PF
Isaiah Roby,SF
Andre Roberson,G-F
Dorian Finney-Smith,PF
Maxi Kleber,C
Delon Wright,SG
Tim Hardaway Jr.,SG
Seth Curry,SG
Jalen Brunson,PG
Justin Jackson,PF
Luka Dončić,PG
Kristaps Porziņģis,PF
Dwight Powell,C
Boban Marjanović,C
J.J. Barea,PG
Courtney Lee,SG
Willie Cauley-Stein,C
Michael Kidd-Gilchrist,SF
Antonius Cleveland,SG
Josh Reaves,SG
Dillon Brooks,SG
Tyus Jones,PG
Jonas Valančiūnas,C
Ja Morant,PG
Kyle Anderson,PF
Jaren Jackson Jr.,C
De'Anthony Melton,PG
Brandon Clarke,PF
Marko Guduric,SG
Grayson Allen,SG
Josh Jackson,SG
Yuta Watanabe,SG
John Konchar,SG
Gorgui Dieng,C
Anthony Tolliver,PF
Jarrod Uthoff,SF
Justise Winslow,F
Buddy Hield,SG
Harrison Barnes,PF
Nemanja Bjelica,PF
Cory Joseph,PG
Bogdan Bogdanović,SG
De'Aaron Fox,PG
Yogi Ferrell,PG
Richaun Holmes,C
Harry Giles,PF
Justin James,SG
Kent Bazemore,SG
Marvin Bagley III,PF
Alex Len,C
DaQuan Jeffries,SG
Kyle Guy,SG
Jabari Parker,PF
Anfernee Simons,SG
CJ McCollum,SG
Hassan Whiteside,C
Damian Lillard,PG
Gary Trent Jr.,SG
Carmelo Anthony,PF
Nassir Little,PF
Mario Hezonja,PF
Rodney Hood,SF
Trevor Ariza,SF
Caleb Swanigan,PF
Wenyen Gabriel,PF
Jaylen Hoard,SF
Moses Brown,C
Zach Collins,PF
Jusuf Nurkić,C
Josh Hart,SF
Jaxson Hayes,C
Brandon Ingram,PF
Lonzo Ball,PG
Jrue Holiday,SG
J.J. Redick,SG
Nicolò Melli,C
E'Twaun Moore,SG
Frank Jackson,PG
Derrick Favors,C
Nickeil Alexander-Walker,SG
Kenrich Williams,PF
Jahlil Okafor,C
Zion Williamson,PF
Zylan Cheatham,SF
Josh Gray,PG
Darius Miller,F
Patty Mills,PG
Bryn Forbes,SG
Trey Lyles,PF
DeMar DeRozan,SF
Derrick White,SG
Rudy Gay,PF
Jakob Pöltl,C
Dejounte Murray,PG
Lonnie Walker,SG
LaMarcus Aldridge,C
Marco Belinelli,SG
Chimezie Metu,PF
Drew Eubanks,PF
Keldon Johnson,SF
Quinndary Weatherspoon,SG
Luka Šamanić,PF
Mikal Bridges,SF
Devin Booker,SG
Kelly Oubre Jr.,SF
Dario Šarić,PF
Ricky Rubio,PG
Elie Okobo,PG
Cameron Johnson,PF
Jevon Carter,PG
Cheick Diallo,C
Aron Baynes,C
Frank Kaminsky,C
Deandre Ayton,C
Ty Jerome,PG
Jalen Lecque,PG
Tariq Owens,PF
Jared Harper,PG
Jarrett Culver,SG
Josh Okogie,SG
Karl-Anthony Towns,C
Kelan Martin,SF
Naz Reid,C
Jordan McLaughlin,PG
Jake Layman,PF
Jaylen Nowell,SG
Malik Beasley,SG
Juan Hernangómez,PF
James Johnson,PF
D'Angelo Russell,PG
Jarred Vanderbilt,PF
Jacob Evans,SG
Evan Turner,G
Omari Spellman,F
Eric Paschall,PF
Marquese Chriss,PF
Jordan Poole,SG
Damion Lee,SG
Ky Bowman,PG
Draymond Green,PF
Kevon Looney,C
Alen Smailagić,PF
Juan Toscano-Anderson,SF
Andrew Wiggins,SG
Dragan Bender,SF
Mychal Mulder,SG
Stephen Curry,PG
Chasson Randle,PG
Klay Thompson,G-F
